1;Infupa S.A.;img/infupa04.jpg;img/infupa04.jpg;imagen2
1;Infupa S.A.;img/infupa01.jpg;img/infupa01-100x75.jpg;imagen2
1;Infupa S.A.;img/infupa03.jpg;img/infupa03-100x75.jpg;imagen3
1;Infupa S.A.;img/infupa02.jpg;img/infupa02-100x75.jpg;imagen4
1;Infupa S.A.;img/infupa05.jpg;img/infupa05-100x75.jpg;imagen5

2;GJsrl S.A.;img/web-GJ1.jpg;img/web-GJ1.jpg;imagen1
2;GJsrl S.A.;img/web-GJ2.jpg;img/web-GJ2-100x75.jpg;imagen1
2;GJsrl S.A.;img/web-GJ3.jpg;img/web-GJ3-100x75.jpg;imagen2
2;GJsrl S.A.;img/web-GJ4.jpg;img/web-GJ4-100x75.jpg;imagen2

3;;img/sigel1.jpg;img/sigel1.jpg;imagen2
3;;img/sigel3.jpg;img/sigel3-100x75.jpg;imagen3
3;;img/sigel5.jpg;img/sigel5-100x75.jpg;imagen2
3;;img/sigel6.jpg;img/sigel6-100x75.jpg;imagen6
3;;img/sigel2.jpg;img/sigel2-100x75.jpg;imagen4
3;;img/sigel4.jpg;img/sigel4-100x75.jpg;imagen5
3;;img/sigel7.jpg;img/sigel7-100x75.jpg;imagen5

4;Goloso;img/goloso1.jpg;img/goloso1.jpg;imagen1
4;Goloso;img/goloso2.jpg;img/goloso2-100x75.jpg;imagen1
4;Goloso;img/goloso3.jpg;img/goloso3-100x75.jpg;imagen2
4;Goloso;img/goloso4.jpg;img/goloso4.jpg;imagen1
4;Goloso;img/goloso5.jpg;img/goloso5-100x75.jpg;imagen1
4;Goloso;img/goloso6.jpg;img/goloso6-100x75.jpg;imagen2
4;Goloso;img/goloso7.jpg;img/goloso7.jpg;imagen1
4;Goloso;img/goloso8.jpg;img/goloso8-100x75.jpg;imagen1
4;Goloso;img/goloso9.jpg;img/goloso9-100x75.jpg;imagen2
4;Goloso;img/goloso10.jpg;img/goloso10-100x75.jpg;imagen2

5;unicor;img/unicor2.jpg;img/unicor2.jpg;imagen1
5;unicor;img/unicor1.jpg;img/unicor1-100x75.jpg;imagen1
5;unicor;img/unicor3.jpg;img/unicor3-100x75.jpg;imagen1

6;Talessandri;img/alessandri2.jpg;img/alessandri2.jpg;imagen1
6;Talessandri;img/alessandri1.jpg;img/alessandri1-100x75.jpg;imagen1
6;Talessandri;img/alessandri3.jpg;img/alessandri3-100x75.jpg;imagen1
6;Talessandri;img/alessandri4.jpg;img/alessandri4-100x75.jpg;imagen1

7;santelmo;img/santelmo5.jpg;img/santelmo5.jpg;imagen1
7;santelmo;img/santelmo4.jpg;img/santelmo4-100x75.jpg;imagen1
7;santelmo;img/santelmo3.jpg;img/santelmo3-100x75.jpg;imagen1
7;santelmo;img/santelmo2.jpg;img/santelmo2-100x75.jpg;imagen1
7;santelmo;img/santelmo1.jpg;img/santelmo1-100x75.jpg;imagen1
7;santelmo;img/santelmo6.jpg;img/santelmo6-100x75.jpg;imagen1

8;silema;img/silema3.jpg;img/silema3.jpg;imagen1
8;silema;img/silema1.jpg;img/silema1-100x75.jpg;imagen1
8;silema;img/silema2.jpg;img/silema2-100x75.jpg;imagen1
8;silema;img/silema4.jpg;img/silema4-100x75.jpg;imagen1

9;BP;img/buenpunto1.jpg;img/buenpunto1.jpg;imagen1

10;MegaLife;img/mega1.jpg;img/mega1.jpg;imagen1